{
  "annual_returns": {
    "EEM": 0.04737513523283865,
    "EFA": 0.07895100430747903,
    "GLD": 0.0696020117604692,
    "HYG": 0.048002351761644135,
    "QQQ": 0.19691105208538984,
    "SPY": 0.14837273821412245,
    "TLT": 0.005179311980019197,
    "VNQ": 0.07240276789809785
  },
  "annual_volatility": {
    "EEM": 0.19922009290945655,
    "EFA": 0.16699583742944474,
    "GLD": 0.1536877036703027,
    "HYG": 0.07873083734647705,
    "QQQ": 0.20505167465106147,
    "SPY": 0.16670263919601414,
    "TLT": 0.14578913755782835,
    "VNQ": 0.19210540231634074
  },
  "correlation_matrix": {
    "EEM": {
      "EEM": 1.0,
      "EFA": 0.8292306686526907,
      "GLD": 0.18039872915355618,
      "HYG": 0.6450474945683277,
      "QQQ": 0.7108750796029424,
      "SPY": 0.7505411396724956,
      "TLT": -0.16596473135925896,
      "VNQ": 0.55182631341433
    },
    "EFA": {
      "EEM": 0.8292306686526907,
      "EFA": 1.0,
      "GLD": 0.15046301304219076,
      "HYG": 0.722263997476956,
      "QQQ": 0.7513335150842678,
      "SPY": 0.8464270965101606,
      "TLT": -0.19930236664481993,
      "VNQ": 0.6516189779515651
    },
    "GLD": {
      "EEM": 0.18039872915355618,
      "EFA": 0.15046301304219076,
      "GLD": 1.0,
      "HYG": 0.13462468012594356,
      "QQQ": 0.05397497415314239,
      "SPY": 0.05069925064895192,
      "TLT": 0.24701854770838114,
      "VNQ": 0.1266353186645755
    },
    "HYG": {
      "EEM": 0.6450474945683277,
      "EFA": 0.722263997476956,
      "GLD": 0.13462468012594356,
      "HYG": 1.0,
      "QQQ": 0.673109828254373,
      "SPY": 0.757456696653779,
      "TLT": -0.005370603363140645,
      "VNQ": 0.67437848693341
    },
    "QQQ": {
      "EEM": 0.7108750796029424,
      "EFA": 0.7513335150842678,
      "GLD": 0.05397497415314239,
      "HYG": 0.673109828254373,
      "QQQ": 1.0,
      "SPY": 0.9311656285164,
      "TLT": -0.16501766410108115,
      "VNQ": 0.5807356154967197
    },
    "SPY": {
      "EEM": 0.7505411396724956,
      "EFA": 0.8464270965101606,
      "GLD": 0.05069925064895192,
      "HYG": 0.757456696653779,
      "QQQ": 0.9311656285164,
      "SPY": 1.0,
      "TLT": -0.21953329943011632,
      "VNQ": 0.7173934951397324
    },
    "TLT": {
      "EEM": -0.16596473135925896,
      "EFA": -0.19930236664481993,
      "GLD": 0.24701854770838114,
      "HYG": -0.005370603363140645,
      "QQQ": -0.16501766410108115,
      "SPY": -0.21953329943011632,
      "TLT": 1.0,
      "VNQ": 0.012734454842275944
    },
    "VNQ": {
      "EEM": 0.55182631341433,
      "EFA": 0.6516189779515651,
      "GLD": 0.1266353186645755,
      "HYG": 0.67437848693341,
      "QQQ": 0.5807356154967197,
      "SPY": 0.7173934951397324,
      "TLT": 0.012734454842275944,
      "VNQ": 1.0
    }
  }
}