{
  "cpi_thresh": 5.5,
  "vix_crisis": 30,
  "vix_bear_min": 15,
  "bull": [
    0.4,
    0.3,
    0.05,
    0.03,
    0.05,
    0.05,
    0.05,
    0.07
  ],
  "bear": [
    0.08,
    0.05,
    0.05,
    0.02,
    0.3,
    0.1,
    0.3,
    0.1
  ],
  "sideways": [
    0.18,
    0.15,
    0.08,
    0.05,
    0.22,
    0.1,
    0.12,
    0.1
  ],
  "crisis": [
    0.03,
    0.02,
    0.02,
    0.01,
    0.3,
    0.05,
    0.45,
    0.12
  ],
  "sharpe": 0.569159575125022,
  "annual_return": 0.1211242980261209,
  "annual_vol": 0.15072667544668725,
  "max_dd": -0.283069408682443
}