{
  "Bull": {
    "SPY": 0.17662189018374067,
    "QQQ": 0.3822971656225388,
    "EFA": 0.0003154470368116846,
    "EEM": 0.0,
    "TLT": 0.09258705176185762,
    "HYG": 0.023747094497247066,
    "GLD": 0.32419752643409616,
    "VNQ": 0.0002338244637078714
  },
  "Bear": {
    "SPY": 0.14943797801602496,
    "QQQ": 0.0006456793102209769,
    "EFA": 0.06490679062529323,
    "EEM": 0.0,
    "TLT": 0.09970812592750515,
    "HYG": 0.22351367147098863,
    "GLD": 0.4617877546499671,
    "VNQ": 0.0
  },
  "Sideways": {
    "SPY": 0.4562156955897502,
    "QQQ": 0.18687616416430874,
    "EFA": 0.13441974704667314,
    "EEM": 0.07455095912071305,
    "TLT": 0.0,
    "HYG": 0.09334862783399638,
    "GLD": 0.052153428679311296,
    "VNQ": 0.002435377565247217
  },
  "Crisis": {
    "SPY": 0.09989459324739622,
    "QQQ": 0.15960417310764152,
    "EFA": 0.1072200673298113,
    "EEM": 0.26537168778257647,
    "TLT": 0.09533973464924625,
    "HYG": 0.0,
    "GLD": 0.27049587049515345,
    "VNQ": 0.0020738733881747406
  }
}