{
  "MacroHRL (Ours)": {
    "annual_return": 0.11270795126411404,
    "annual_volatility": 0.14845859341281253,
    "sharpe_ratio": 0.5246375005380679,
    "sortino_ratio": 0.584114201488112,
    "max_drawdown": -0.2720941572033882,
    "calmar_ratio": 0.4142240775124978
  },
  "Flat PPO": {
    "annual_return": 0.09770577711692963,
    "annual_volatility": 0.12468717920565997,
    "sharpe_ratio": 0.4894890751605555,
    "sortino_ratio": 0.5762803956235021,
    "max_drawdown": -0.2675735964049034,
    "calmar_ratio": 0.3651547777123615
  },
  "Literature Model": {
    "annual_return": 0.06505631737565754,
    "annual_volatility": 0.12367938518010985,
    "sharpe_ratio": 0.24817664435687403,
    "sortino_ratio": 0.25954665289523376,
    "max_drawdown": -0.30819888988514377,
    "calmar_ratio": 0.21108550196239195
  },
  "Equal Weight (1/N)": {
    "annual_return": 0.11642890752991364,
    "annual_volatility": 0.13440824674125035,
    "sharpe_ratio": 0.5893942064205545,
    "sortino_ratio": 0.7015670874474361,
    "max_drawdown": -0.2543563107084154,
    "calmar_ratio": 0.45773940975022004
  },
  "Buy-and-Hold SPY": {
    "annual_return": 0.17352412719957222,
    "annual_volatility": 0.19784629865770276,
    "sharpe_ratio": 0.7060090688665935,
    "sortino_ratio": 0.8214738894061031,
    "max_drawdown": -0.3371726576287936,
    "calmar_ratio": 0.5146447176941958
  }
}