{
  "MacroHRL (E2E)": {
    "ann_ret": 0.13416429616946512,
    "ann_vol": 0.09802231768909458,
    "sharpe": 1.3687117314957296,
    "sortino": 2.2562501022241244,
    "calmar": 1.4483557171740928,
    "max_dd": -0.09263214456130636
  },
  "Buy-and-Hold SPY": {
    "ann_ret": 0.24795547962285092,
    "ann_vol": 0.15345995656072717,
    "sharpe": 1.6157666480553836,
    "sortino": 2.170690813109868,
    "calmar": 1.3220599170362366,
    "max_dd": -0.18755237673244932
  }
}