{
  "MacroHRL (E2E)": {
    "ann_ret": 0.11592978154697664,
    "ann_vol": 0.12086180847643793,
    "sharpe": 0.9591928418775664,
    "sortino": 1.280189098938597,
    "calmar": 0.8376681578880275,
    "max_dd": -0.13839583187603172
  },
  "Buy-and-Hold SPY": {
    "ann_ret": 0.24795547962285092,
    "ann_vol": 0.15345995656072717,
    "sharpe": 1.6157666480553836,
    "sortino": 2.170690813109868,
    "calmar": 1.3220599170362366,
    "max_dd": -0.18755237673244932
  },
  "Equal Weight": {
    "ann_ret": 0.18363839884654154,
    "ann_vol": 0.10738982852481328,
    "sharpe": 1.710016687512546,
    "sortino": 2.4875233917442072,
    "calmar": 1.7663592974291606,
    "max_dd": -0.10396435148489731
  }
}