{
  "MacroHRL (Ours)": {
    "sharpe": 0.5901901816172664,
    "annual_return": 0.1045229691240106,
    "annual_volatility": 0.11115770811062464,
    "max_drawdown": -0.2537784383930288,
    "calmar_ratio": 0.41186701985187224
  },
  "Buy-and-Hold SPY": {
    "sharpe": 0.5775845034036406,
    "annual_return": 0.1426949533868156,
    "annual_volatility": 0.19462306255246503,
    "max_drawdown": -0.33717265762879356,
    "calmar_ratio": 0.42321033499546334
  },
  "Equal Weight (1/N)": {
    "sharpe": 0.4375925763051915,
    "annual_return": 0.09275666927371584,
    "annual_volatility": 0.13099993619159633,
    "max_drawdown": -0.25435631070841563,
    "calmar_ratio": 0.3646721758741181
  }
}