{
  "MacroHRL (E2E)": {
    "ann_ret": 0.14811520678800116,
    "ann_vol": 0.09362428493235736,
    "sharpe": 1.5820169616784039,
    "sortino": 2.3049595686579174,
    "calmar": 1.5982585066472155,
    "max_dd": -0.0926728724871381,
    "info_ratio": -0.8862953782521318
  },
  "Buy-and-Hold SPY": {
    "ann_ret": 0.24795547962285092,
    "ann_vol": 0.15345995656072717,
    "sharpe": 1.6157666480553836,
    "sortino": 2.170690813109868,
    "calmar": 1.3220599170362366,
    "max_dd": -0.18755237673244932,
    "info_ratio": 0.0
  }
}