{
  "MacroHRL (Ours)": {
    "annual_return": 0.14404993570957902,
    "annual_volatility": 0.15732739642903515,
    "sharpe_ratio": 0.6803358476715575,
    "sortino_ratio": 0.7941668191333154,
    "max_drawdown": -0.28810289496933456,
    "calmar_ratio": 0.4999947526556843
  },
  "Flat PPO": {
    "annual_return": 0.11569097680016571,
    "annual_volatility": 0.13416410699128173,
    "sharpe_ratio": 0.5852947897210993,
    "sortino_ratio": 0.6954234129101285,
    "max_drawdown": -0.25449430812325474,
    "calmar_ratio": 0.45459160817119393
  },
  "Literature Model": {
    "annual_return": 0.06505631737565754,
    "annual_volatility": 0.12367938518010985,
    "sharpe_ratio": 0.24817664435687403,
    "sortino_ratio": 0.25954665289523376,
    "max_drawdown": -0.30819888988514377,
    "calmar_ratio": 0.21108550196239195
  },
  "Equal Weight (1/N)": {
    "annual_return": 0.11642890752991364,
    "annual_volatility": 0.13440824674125035,
    "sharpe_ratio": 0.5893942064205545,
    "sortino_ratio": 0.7015670874474361,
    "max_drawdown": -0.2543563107084154,
    "calmar_ratio": 0.45773940975022004
  },
  "Buy-and-Hold SPY": {
    "annual_return": 0.17352412719957222,
    "annual_volatility": 0.19784629865770276,
    "sharpe_ratio": 0.7060090688665935,
    "sortino_ratio": 0.8214738894061031,
    "max_drawdown": -0.3371726576287936,
    "calmar_ratio": 0.5146447176941958
  }
}